{
  "name": "Plumas del Destino",
  "description": "An interactive digital oracle based on the Plumas del Destino deck, offering personal guidance and a space for reflection. All data is stored locally or in the user's private Firebase account.",
  "display": "standalone",
  "start_url": ".",
  "short_name": "PlumasDestino",
  "theme_color": "#1a202c",
  "background_color": "#1a202c",
  "icons": [
    {
      "src": "/icons/icon-192x192.png",
      "sizes": "192x192",
      "type": "image/png",
      "purpose": "any maskable"
    },
    {
      "src": "/icons/icon-512x512.png",
      "sizes": "512x512",
      "type": "image/png",
      "purpose": "any maskable"
    }
  ],
  "requestFramePermissions": []
}